News,https://news.com
Slash,https://alterslash.org
Anvil,https://acme-birdseed.github.io/project-anvil/
Entertainment,https://www.theeroticreview.com/reviews/newreviewsList.asp?gCity=city%2Dnewport%2Dbeach%2Dca%2Dus&gCityName=Newport+Beach%2C+CA
Guide,https://www.usasexguide.nl/forum/forumdisplay.php?483-Orange-County
Google,https://www.google.com/search?q=filipina+site%3Atheeroticreview.com&sca_esv=02c44965d6d4b280&sca_upv=1&source=hp&ei=2ufzZrnXOfGJkPIPxcvK6QY&iflsig=AL9hbdgAAAAAZvP16qmy5_X0miP3L5mDT4Qat-GTGhpK&ved=0ahUKEwi5rNKk892IAxXxBEQIHcWlMm0Q4dUDCBA&uact=5&oq=filipina+site%3Atheeroticreview.com&gs_lp=Egdnd3Mtd2l6IiFmaWxpcGluYSBzaXRlOnRoZWVyb3RpY3Jldmlldy5jb21InqUBUKUPWK-RAXAQeACQAQCYAUigAeUNqgECNDm4AQPIAQD4AQGYAhOgAsMGqAIKwgIQEAAYAxjlAhjqAhiMAxiPAcICEBAuGAMY5QIY6gIYjAMYjwHCAhEQLhiABBixAxjRAxiDARjHAcICCBAAGIAEGLEDwgILEAAYgAQYsQMYgwHCAg4QABiABBixAxiDARiKBcICBRAAGIAEwgILEC4YgAQYsQMYgwHCAg4QLhiABBixAxjRAxjHAcICCBAuGIAEGLEDwgIIEAAYgAQYyQPCAgsQABiABBiSAxiKBcICCxAuGIAEGNEDGMcBwgIQEC4YgAQYxwEYChiOBRivAcICCxAuGIAEGLEDGNQCwgIHEAAYgAQYCsICBRAuGIAEwgIFECEYoAHCAgUQIRifBcICBRAhGKsCwgIIEAAYFhgeGA_CAgYQABgWGB6YAwiSBwIxOaAHrogB&sclient=gws-wiz
Keep,https://keep.google.com
FLux,https://fastflux.ai
Venice,https://venice.ai
chatgpt,https://chatgpt.com
